ID,customerNo,customerName,email,phone,city,tier,lifetimeRevenue,totalOrders,lastTierUpdate,region_ID
C0001,CUS00001,Smart Enterprises,customer1@gmail.com,9609266672,New York,Bronze,0,0,,R001
C0002,CUS00002,Prime Corporation,customer2@gmail.com,9148634607,Delhi,Bronze,0,0,,R002
C0003,CUS00003,Future Corporation,customer3@gmail.com,9292834459,Delhi,Bronze,0,0,,R001
C0004,CUS00004,Apex Technologies,customer4@gmail.com,9132314575,Dubai,Bronze,0,0,,R004
C0005,CUS00005,NextGen Electronics,customer5@gmail.com,9825452371,New York,Bronze,0,0,,R001
C0006,CUS00006,Vertex Foods,customer6@gmail.com,9857000091,Delhi,Bronze,0,0,,R007
C0007,CUS00007,Green Solutions,customer7@gmail.com,9723150661,Bangalore,Bronze,0,0,,R005
C0008,CUS00008,Vertex Corporation,customer8@gmail.com,9323068881,Kolkata,Bronze,0,0,,R001
C0009,CUS00009,Tech Systems,customer9@gmail.com,9288850304,Dubai,Bronze,0,0,,R008
C0010,CUS00010,United Technologies,customer10@gmail.com,9100827890,Dubai,Bronze,0,0,,R003
C0011,CUS00011,United Technologies,customer11@gmail.com,9380956658,Mumbai,Bronze,0,0,,R006
C0012,CUS00012,Green Foods,customer12@gmail.com,9606311425,Pune,Bronze,0,0,,R004
C0013,CUS00013,ABC Industries,customer13@gmail.com,9709009133,Ahmedabad,Bronze,0,0,,R005
C0014,CUS00014,Blue Enterprises,customer14@gmail.com,9463585830,Delhi,Bronze,0,0,,R006
C0015,CUS00015,Blue Traders,customer15@gmail.com,9587602608,New York,Bronze,0,0,,R007
C0016,CUS00016,ABC Industries,customer16@gmail.com,9848691682,Chennai,Bronze,0,0,,R008
C0017,CUS00017,United Foods,customer17@gmail.com,9301042406,Pune,Bronze,0,0,,R004
C0018,CUS00018,Pioneer Electronics,customer18@gmail.com,9284301594,Delhi,Bronze,0,0,,R002
C0019,CUS00019,Smart Retail,customer19@gmail.com,9725436082,Ahmedabad,Bronze,0,0,,R007
C0020,CUS00020,Apex Traders,customer20@gmail.com,9881766915,Dubai,Bronze,0,0,,R006
C0021,CUS00021,Global Traders,customer21@gmail.com,9673913518,Delhi,Bronze,0,0,,R003
C0022,CUS00022,Green Electronics,customer22@gmail.com,9284034181,Bangalore,Bronze,0,0,,R008
C0023,CUS00023,Green Foods,customer23@gmail.com,9104113412,New York,Bronze,0,0,,R002
C0024,CUS00024,Pioneer Retail,customer24@gmail.com,9783666605,Delhi,Bronze,0,0,,R001
C0025,CUS00025,Apex Technologies,customer25@gmail.com,9375301424,Pune,Bronze,0,0,,R005
C0026,CUS00026,Global Systems,customer26@gmail.com,9424179471,Chennai,Bronze,0,0,,R005
C0027,CUS00027,Pioneer Systems,customer27@gmail.com,9878689765,Berlin,Bronze,0,0,,R005
C0028,CUS00028,Blue Enterprises,customer28@gmail.com,9998988050,Chennai,Bronze,0,0,,R004
C0029,CUS00029,Elite Foods,customer29@gmail.com,9810259132,Berlin,Bronze,0,0,,R007
C0030,CUS00030,Prime Foods,customer30@gmail.com,9699488681,Bangalore,Bronze,0,0,,R008
C0031,CUS00031,Prime Foods,customer31@gmail.com,9793608065,Mumbai,Bronze,0,0,,R002
C0032,CUS00032,Pioneer Enterprises,customer32@gmail.com,9683180727,Pune,Bronze,0,0,,R005
C0033,CUS00033,Pioneer Retail,customer33@gmail.com,9674835222,Kolkata,Bronze,0,0,,R006
C0034,CUS00034,Blue Foods,customer34@gmail.com,9646580536,Dubai,Bronze,0,0,,R005
C0035,CUS00035,Green Corporation,customer35@gmail.com,9649533496,Chennai,Bronze,0,0,,R005
C0036,CUS00036,Vertex Industries,customer36@gmail.com,9817718546,Pune,Bronze,0,0,,R008
C0037,CUS00037,Tech Electronics,customer37@gmail.com,9837504911,Hyderabad,Bronze,0,0,,R007
C0038,CUS00038,Global Electronics,customer38@gmail.com,9818156970,Bangalore,Bronze,0,0,,R008
C0039,CUS00039,NextGen Solutions,customer39@gmail.com,9827961880,Dubai,Bronze,0,0,,R005
C0040,CUS00040,Future Technologies,customer40@gmail.com,9459646850,Mumbai,Bronze,0,0,,R007
C0041,CUS00041,Vertex Retail,customer41@gmail.com,9689135001,Kolkata,Bronze,0,0,,R001
C0042,CUS00042,Prime Electronics,customer42@gmail.com,9808963226,New York,Bronze,0,0,,R001
C0043,CUS00043,Apex Traders,customer43@gmail.com,9621310780,Ahmedabad,Bronze,0,0,,R005
C0044,CUS00044,Smart Traders,customer44@gmail.com,9238262929,Bangalore,Bronze,0,0,,R007
C0045,CUS00045,Pioneer Corporation,customer45@gmail.com,9848712318,Kolkata,Bronze,0,0,,R007
C0046,CUS00046,Vision Technologies,customer46@gmail.com,9763431776,Ahmedabad,Bronze,0,0,,R003
C0047,CUS00047,ABC Systems,customer47@gmail.com,9642125760,Berlin,Bronze,0,0,,R001
C0048,CUS00048,Apex Foods,customer48@gmail.com,9540725406,Ahmedabad,Bronze,0,0,,R003
C0049,CUS00049,Vertex Industries,customer49@gmail.com,9241154160,Mumbai,Bronze,0,0,,R002
C0050,CUS00050,Vertex Traders,customer50@gmail.com,9419761187,Berlin,Bronze,0,0,,R007
C0051,CUS00051,Vertex Enterprises,customer51@gmail.com,9401902856,Delhi,Bronze,0,0,,R005
C0052,CUS00052,Elite Enterprises,customer52@gmail.com,9886174265,New York,Bronze,0,0,,R004
C0053,CUS00053,Prime Corporation,customer53@gmail.com,9989848058,Berlin,Bronze,0,0,,R002
C0054,CUS00054,NextGen Foods,customer54@gmail.com,9971338659,Pune,Bronze,0,0,,R005
C0055,CUS00055,Smart Traders,customer55@gmail.com,9560724208,New York,Bronze,0,0,,R006
C0056,CUS00056,Vision Technologies,customer56@gmail.com,9751733702,Mumbai,Bronze,0,0,,R008
C0057,CUS00057,Tech Systems,customer57@gmail.com,9750663520,Pune,Bronze,0,0,,R003
C0058,CUS00058,Tech Systems,customer58@gmail.com,9713492127,Hyderabad,Bronze,0,0,,R006
C0059,CUS00059,Vision Solutions,customer59@gmail.com,9894418582,Kolkata,Bronze,0,0,,R006
C0060,CUS00060,Apex Retail,customer60@gmail.com,9745661387,Hyderabad,Bronze,0,0,,R008
C0061,CUS00061,Apex Industries,customer61@gmail.com,9758680809,Kolkata,Bronze,0,0,,R002
C0062,CUS00062,Apex Solutions,customer62@gmail.com,9399326105,Mumbai,Bronze,0,0,,R008
C0063,CUS00063,Pioneer Electronics,customer63@gmail.com,9353923060,Mumbai,Bronze,0,0,,R001
C0064,CUS00064,Pioneer Corporation,customer64@gmail.com,9464539845,New York,Bronze,0,0,,R002
C0065,CUS00065,United Foods,customer65@gmail.com,9981805235,Kolkata,Bronze,0,0,,R008
C0066,CUS00066,Pioneer Electronics,customer66@gmail.com,9447156807,Mumbai,Bronze,0,0,,R006
C0067,CUS00067,Prime Technologies,customer67@gmail.com,9767463365,Dubai,Bronze,0,0,,R001
C0068,CUS00068,ABC Solutions,customer68@gmail.com,9694837946,Ahmedabad,Bronze,0,0,,R005
C0069,CUS00069,ABC Corporation,customer69@gmail.com,9361300927,Delhi,Bronze,0,0,,R002
C0070,CUS00070,Green Systems,customer70@gmail.com,9499030154,Bangalore,Bronze,0,0,,R007
C0071,CUS00071,Future Retail,customer71@gmail.com,9318544160,Kolkata,Bronze,0,0,,R005
C0072,CUS00072,United Systems,customer72@gmail.com,9810549973,Mumbai,Bronze,0,0,,R002
C0073,CUS00073,Vertex Enterprises,customer73@gmail.com,9754478199,Ahmedabad,Bronze,0,0,,R008
C0074,CUS00074,Elite Traders,customer74@gmail.com,9966236775,Delhi,Bronze,0,0,,R003
C0075,CUS00075,Vertex Foods,customer75@gmail.com,9688238301,Hyderabad,Bronze,0,0,,R008
C0076,CUS00076,Tech Retail,customer76@gmail.com,9396885123,Dubai,Bronze,0,0,,R001
C0077,CUS00077,Future Retail,customer77@gmail.com,9492050778,Ahmedabad,Bronze,0,0,,R007
C0078,CUS00078,Pioneer Solutions,customer78@gmail.com,9989390831,Berlin,Bronze,0,0,,R004
C0079,CUS00079,Elite Industries,customer79@gmail.com,9718257762,Kolkata,Bronze,0,0,,R001
C0080,CUS00080,Apex Industries,customer80@gmail.com,9216378875,Kolkata,Bronze,0,0,,R001
C0081,CUS00081,Apex Corporation,customer81@gmail.com,9739097347,Pune,Bronze,0,0,,R004
C0082,CUS00082,Prime Corporation,customer82@gmail.com,9106201087,Bangalore,Bronze,0,0,,R004
C0083,CUS00083,Green Technologies,customer83@gmail.com,9820358044,Kolkata,Bronze,0,0,,R007
C0084,CUS00084,Blue Traders,customer84@gmail.com,9649080578,Bangalore,Bronze,0,0,,R003
C0085,CUS00085,Pioneer Foods,customer85@gmail.com,9103121945,Mumbai,Bronze,0,0,,R005
C0086,CUS00086,United Enterprises,customer86@gmail.com,9122098873,Kolkata,Bronze,0,0,,R008
C0087,CUS00087,Green Technologies,customer87@gmail.com,9558316790,Kolkata,Bronze,0,0,,R001
C0088,CUS00088,United Solutions,customer88@gmail.com,9312619550,Bangalore,Bronze,0,0,,R008
C0089,CUS00089,Prime Retail,customer89@gmail.com,9583557939,Hyderabad,Bronze,0,0,,R002
C0090,CUS00090,Pioneer Systems,customer90@gmail.com,9234440217,Kolkata,Bronze,0,0,,R001
C0091,CUS00091,Global Industries,customer91@gmail.com,9527434541,Kolkata,Bronze,0,0,,R003
C0092,CUS00092,United Traders,customer92@gmail.com,9370752181,Pune,Bronze,0,0,,R001
C0093,CUS00093,Global Industries,customer93@gmail.com,9708383273,Berlin,Bronze,0,0,,R004
C0094,CUS00094,United Solutions,customer94@gmail.com,9658456478,New York,Bronze,0,0,,R002
C0095,CUS00095,United Technologies,customer95@gmail.com,9651960882,Delhi,Bronze,0,0,,R005
C0096,CUS00096,Green Industries,customer96@gmail.com,9302836607,Ahmedabad,Bronze,0,0,,R006
C0097,CUS00097,Green Technologies,customer97@gmail.com,9930470655,Chennai,Bronze,0,0,,R002
C0098,CUS00098,Vertex Enterprises,customer98@gmail.com,9925282620,Pune,Bronze,0,0,,R008
C0099,CUS00099,NextGen Traders,customer99@gmail.com,9775342101,Kolkata,Bronze,0,0,,R007
C0100,CUS00100,Green Systems,customer100@gmail.com,9691103266,Kolkata,Bronze,0,0,,R008
C0101,CUS00101,Elite Retail,customer101@gmail.com,9883449746,Berlin,Bronze,0,0,,R008
C0102,CUS00102,Future Retail,customer102@gmail.com,9105738200,Chennai,Bronze,0,0,,R005
C0103,CUS00103,Smart Traders,customer103@gmail.com,9954851923,Ahmedabad,Bronze,0,0,,R002
C0104,CUS00104,Future Technologies,customer104@gmail.com,9610843167,New York,Bronze,0,0,,R001
C0105,CUS00105,Apex Electronics,customer105@gmail.com,9569025659,Chennai,Bronze,0,0,,R007
C0106,CUS00106,Elite Foods,customer106@gmail.com,9891321968,Hyderabad,Bronze,0,0,,R006
C0107,CUS00107,Elite Enterprises,customer107@gmail.com,9331196412,Dubai,Bronze,0,0,,R002
C0108,CUS00108,Apex Enterprises,customer108@gmail.com,9721625860,Bangalore,Bronze,0,0,,R004
C0109,CUS00109,United Industries,customer109@gmail.com,9640825921,Pune,Bronze,0,0,,R001
C0110,CUS00110,NextGen Enterprises,customer110@gmail.com,9391766486,Pune,Bronze,0,0,,R001
C0111,CUS00111,Global Enterprises,customer111@gmail.com,9776844537,Berlin,Bronze,0,0,,R004
C0112,CUS00112,Tech Enterprises,customer112@gmail.com,9843354525,Kolkata,Bronze,0,0,,R001
C0113,CUS00113,Global Foods,customer113@gmail.com,9118420084,Pune,Bronze,0,0,,R002
C0114,CUS00114,Green Retail,customer114@gmail.com,9893739788,Kolkata,Bronze,0,0,,R004
C0115,CUS00115,Smart Retail,customer115@gmail.com,9843241656,Delhi,Bronze,0,0,,R007
C0116,CUS00116,ABC Foods,customer116@gmail.com,9576913164,Delhi,Bronze,0,0,,R002
C0117,CUS00117,Pioneer Electronics,customer117@gmail.com,9384020911,Kolkata,Bronze,0,0,,R001
C0118,CUS00118,ABC Industries,customer118@gmail.com,9690246908,Kolkata,Bronze,0,0,,R007
C0119,CUS00119,NextGen Industries,customer119@gmail.com,9720071217,Ahmedabad,Bronze,0,0,,R006
C0120,CUS00120,Apex Retail,customer120@gmail.com,9791637418,Berlin,Bronze,0,0,,R008
C0121,CUS00121,Apex Enterprises,customer121@gmail.com,9889425566,Mumbai,Bronze,0,0,,R002
C0122,CUS00122,Elite Enterprises,customer122@gmail.com,9286520752,Pune,Bronze,0,0,,R002
C0123,CUS00123,Global Industries,customer123@gmail.com,9488161500,Bangalore,Bronze,0,0,,R002
C0124,CUS00124,Apex Industries,customer124@gmail.com,9657034051,Ahmedabad,Bronze,0,0,,R005
C0125,CUS00125,United Electronics,customer125@gmail.com,9810151254,Mumbai,Bronze,0,0,,R005
C0126,CUS00126,NextGen Industries,customer126@gmail.com,9153659219,Pune,Bronze,0,0,,R006
C0127,CUS00127,Pioneer Traders,customer127@gmail.com,9202912916,Delhi,Bronze,0,0,,R006
C0128,CUS00128,Pioneer Retail,customer128@gmail.com,9138547964,Delhi,Bronze,0,0,,R003
C0129,CUS00129,Elite Industries,customer129@gmail.com,9963076425,Bangalore,Bronze,0,0,,R006
C0130,CUS00130,United Retail,customer130@gmail.com,9727071276,Chennai,Bronze,0,0,,R002
C0131,CUS00131,United Corporation,customer131@gmail.com,9723620318,New York,Bronze,0,0,,R008
C0132,CUS00132,Vertex Technologies,customer132@gmail.com,9902977461,Chennai,Bronze,0,0,,R008
C0133,CUS00133,Vision Foods,customer133@gmail.com,9908074305,Hyderabad,Bronze,0,0,,R005
C0134,CUS00134,Smart Enterprises,customer134@gmail.com,9445642348,Berlin,Bronze,0,0,,R005
C0135,CUS00135,Vertex Electronics,customer135@gmail.com,9902219590,Chennai,Bronze,0,0,,R001
C0136,CUS00136,Future Solutions,customer136@gmail.com,9115010611,Ahmedabad,Bronze,0,0,,R006
C0137,CUS00137,Elite Foods,customer137@gmail.com,9765936134,Dubai,Bronze,0,0,,R007
C0138,CUS00138,Pioneer Traders,customer138@gmail.com,9439673551,Pune,Bronze,0,0,,R008
C0139,CUS00139,Pioneer Electronics,customer139@gmail.com,9539790652,Bangalore,Bronze,0,0,,R006
C0140,CUS00140,Pioneer Electronics,customer140@gmail.com,9375767530,Hyderabad,Bronze,0,0,,R008
C0141,CUS00141,Pioneer Retail,customer141@gmail.com,9988314820,Kolkata,Bronze,0,0,,R003
C0142,CUS00142,NextGen Enterprises,customer142@gmail.com,9221684063,Delhi,Bronze,0,0,,R007
C0143,CUS00143,ABC Technologies,customer143@gmail.com,9985499392,Ahmedabad,Bronze,0,0,,R007
C0144,CUS00144,Pioneer Industries,customer144@gmail.com,9405440233,Dubai,Bronze,0,0,,R007
C0145,CUS00145,Future Enterprises,customer145@gmail.com,9200813796,Chennai,Bronze,0,0,,R006
C0146,CUS00146,Apex Industries,customer146@gmail.com,9262418587,Bangalore,Bronze,0,0,,R008
C0147,CUS00147,Prime Solutions,customer147@gmail.com,9586141724,Berlin,Bronze,0,0,,R001
C0148,CUS00148,ABC Retail,customer148@gmail.com,9403182396,Dubai,Bronze,0,0,,R002
C0149,CUS00149,Smart Technologies,customer149@gmail.com,9252755904,Bangalore,Bronze,0,0,,R002
C0150,CUS00150,ABC Foods,customer150@gmail.com,9680405212,New York,Bronze,0,0,,R008
C0151,CUS00151,Elite Enterprises,customer151@gmail.com,9658378560,Mumbai,Bronze,0,0,,R007
C0152,CUS00152,Blue Solutions,customer152@gmail.com,9324026602,Berlin,Bronze,0,0,,R005
C0153,CUS00153,Green Industries,customer153@gmail.com,9850696908,Mumbai,Bronze,0,0,,R006
C0154,CUS00154,United Retail,customer154@gmail.com,9608891224,Kolkata,Bronze,0,0,,R008
C0155,CUS00155,Vision Enterprises,customer155@gmail.com,9459090364,Delhi,Bronze,0,0,,R008
C0156,CUS00156,Green Enterprises,customer156@gmail.com,9255580480,Delhi,Bronze,0,0,,R003
C0157,CUS00157,Smart Industries,customer157@gmail.com,9905776920,New York,Bronze,0,0,,R002
C0158,CUS00158,Prime Industries,customer158@gmail.com,9318956742,Bangalore,Bronze,0,0,,R001
C0159,CUS00159,Vertex Industries,customer159@gmail.com,9369197649,Mumbai,Bronze,0,0,,R005
C0160,CUS00160,Apex Corporation,customer160@gmail.com,9877179616,Kolkata,Bronze,0,0,,R003
C0161,CUS00161,Future Enterprises,customer161@gmail.com,9196740221,Kolkata,Bronze,0,0,,R006
C0162,CUS00162,Vision Retail,customer162@gmail.com,9321697549,Bangalore,Bronze,0,0,,R007
C0163,CUS00163,Blue Industries,customer163@gmail.com,9198509538,Ahmedabad,Bronze,0,0,,R007
C0164,CUS00164,Green Solutions,customer164@gmail.com,9212196721,Delhi,Bronze,0,0,,R004
C0165,CUS00165,Tech Traders,customer165@gmail.com,9409119594,Dubai,Bronze,0,0,,R008
C0166,CUS00166,Green Enterprises,customer166@gmail.com,9957044505,Hyderabad,Bronze,0,0,,R002
C0167,CUS00167,Blue Traders,customer167@gmail.com,9300558452,Dubai,Bronze,0,0,,R006
C0168,CUS00168,Elite Traders,customer168@gmail.com,9433374761,Hyderabad,Bronze,0,0,,R006
C0169,CUS00169,Vision Industries,customer169@gmail.com,9652806884,Delhi,Bronze,0,0,,R003
C0170,CUS00170,ABC Industries,customer170@gmail.com,9330370247,Ahmedabad,Bronze,0,0,,R006
C0171,CUS00171,Pioneer Retail,customer171@gmail.com,9185535613,Hyderabad,Bronze,0,0,,R006
C0172,CUS00172,United Traders,customer172@gmail.com,9458526829,New York,Bronze,0,0,,R007
C0173,CUS00173,Future Technologies,customer173@gmail.com,9419763546,Hyderabad,Bronze,0,0,,R001
C0174,CUS00174,Smart Technologies,customer174@gmail.com,9819107333,Dubai,Bronze,0,0,,R003
C0175,CUS00175,Blue Solutions,customer175@gmail.com,9812367294,Hyderabad,Bronze,0,0,,R006
C0176,CUS00176,NextGen Traders,customer176@gmail.com,9687221115,Kolkata,Bronze,0,0,,R003
C0177,CUS00177,NextGen Solutions,customer177@gmail.com,9429743233,Ahmedabad,Bronze,0,0,,R003
C0178,CUS00178,Apex Systems,customer178@gmail.com,9681033734,Pune,Bronze,0,0,,R002
C0179,CUS00179,Elite Technologies,customer179@gmail.com,9593346176,Dubai,Bronze,0,0,,R008
C0180,CUS00180,Future Retail,customer180@gmail.com,9673112186,New York,Bronze,0,0,,R008
C0181,CUS00181,ABC Corporation,customer181@gmail.com,9873499643,Bangalore,Bronze,0,0,,R007
C0182,CUS00182,United Industries,customer182@gmail.com,9203512374,Hyderabad,Bronze,0,0,,R003
C0183,CUS00183,NextGen Industries,customer183@gmail.com,9784175664,Chennai,Bronze,0,0,,R007
C0184,CUS00184,Apex Systems,customer184@gmail.com,9773159788,Delhi,Bronze,0,0,,R001
C0185,CUS00185,Future Foods,customer185@gmail.com,9501822427,Chennai,Bronze,0,0,,R004
C0186,CUS00186,ABC Technologies,customer186@gmail.com,9637377111,Delhi,Bronze,0,0,,R004
C0187,CUS00187,United Systems,customer187@gmail.com,9836612686,Hyderabad,Bronze,0,0,,R001
C0188,CUS00188,Elite Traders,customer188@gmail.com,9490660175,Ahmedabad,Bronze,0,0,,R004
C0189,CUS00189,Smart Foods,customer189@gmail.com,9920529156,Pune,Bronze,0,0,,R004
C0190,CUS00190,ABC Traders,customer190@gmail.com,9279714982,Mumbai,Bronze,0,0,,R004
C0191,CUS00191,Blue Enterprises,customer191@gmail.com,9819971574,Hyderabad,Bronze,0,0,,R006
C0192,CUS00192,Vertex Industries,customer192@gmail.com,9400207985,New York,Bronze,0,0,,R005
C0193,CUS00193,Elite Electronics,customer193@gmail.com,9850011003,Delhi,Bronze,0,0,,R006
C0194,CUS00194,United Electronics,customer194@gmail.com,9512532678,Mumbai,Bronze,0,0,,R001
C0195,CUS00195,NextGen Systems,customer195@gmail.com,9656081382,Mumbai,Bronze,0,0,,R005
C0196,CUS00196,Tech Foods,customer196@gmail.com,9328651602,Dubai,Bronze,0,0,,R005
C0197,CUS00197,Green Corporation,customer197@gmail.com,9303240323,New York,Bronze,0,0,,R007
C0198,CUS00198,NextGen Industries,customer198@gmail.com,9398044212,Dubai,Bronze,0,0,,R005
C0199,CUS00199,Elite Traders,customer199@gmail.com,9857864273,New York,Bronze,0,0,,R002
C0200,CUS00200,Tech Electronics,customer200@gmail.com,9961241325,New York,Bronze,0,0,,R008
C0201,CUS00201,Prime Industries,customer201@gmail.com,9738925205,Pune,Bronze,0,0,,R003
C0202,CUS00202,Blue Industries,customer202@gmail.com,9183896512,Chennai,Bronze,0,0,,R003
C0203,CUS00203,Prime Industries,customer203@gmail.com,9899866239,Kolkata,Bronze,0,0,,R007
C0204,CUS00204,Apex Industries,customer204@gmail.com,9490147231,Ahmedabad,Bronze,0,0,,R001
C0205,CUS00205,Vertex Technologies,customer205@gmail.com,9704690366,Delhi,Bronze,0,0,,R003
C0206,CUS00206,Vertex Foods,customer206@gmail.com,9511947536,Delhi,Bronze,0,0,,R004
C0207,CUS00207,Apex Corporation,customer207@gmail.com,9749234529,Pune,Bronze,0,0,,R003
C0208,CUS00208,Pioneer Solutions,customer208@gmail.com,9801300511,Berlin,Bronze,0,0,,R005
C0209,CUS00209,Tech Corporation,customer209@gmail.com,9545604396,Pune,Bronze,0,0,,R007
C0210,CUS00210,Green Retail,customer210@gmail.com,9220888786,Dubai,Bronze,0,0,,R006
C0211,CUS00211,Blue Solutions,customer211@gmail.com,9374990875,Dubai,Bronze,0,0,,R002
C0212,CUS00212,Elite Corporation,customer212@gmail.com,9273919352,Berlin,Bronze,0,0,,R002
C0213,CUS00213,Pioneer Corporation,customer213@gmail.com,9172274105,Ahmedabad,Bronze,0,0,,R007
C0214,CUS00214,Global Solutions,customer214@gmail.com,9690399020,Bangalore,Bronze,0,0,,R001
C0215,CUS00215,Pioneer Industries,customer215@gmail.com,9779212821,Dubai,Bronze,0,0,,R003
C0216,CUS00216,Vision Foods,customer216@gmail.com,9603091430,Delhi,Bronze,0,0,,R007
C0217,CUS00217,Vision Industries,customer217@gmail.com,9645851940,Mumbai,Bronze,0,0,,R004
C0218,CUS00218,ABC Traders,customer218@gmail.com,9566636962,Dubai,Bronze,0,0,,R008
C0219,CUS00219,ABC Retail,customer219@gmail.com,9982950568,Ahmedabad,Bronze,0,0,,R005
C0220,CUS00220,Future Technologies,customer220@gmail.com,9919803930,Mumbai,Bronze,0,0,,R006
C0221,CUS00221,Prime Electronics,customer221@gmail.com,9671315304,Pune,Bronze,0,0,,R003
C0222,CUS00222,Apex Traders,customer222@gmail.com,9339085005,Berlin,Bronze,0,0,,R003
C0223,CUS00223,Pioneer Traders,customer223@gmail.com,9550790106,Dubai,Bronze,0,0,,R004
C0224,CUS00224,NextGen Enterprises,customer224@gmail.com,9987278281,Pune,Bronze,0,0,,R005
C0225,CUS00225,Green Electronics,customer225@gmail.com,9713647841,Bangalore,Bronze,0,0,,R007
C0226,CUS00226,Smart Electronics,customer226@gmail.com,9942647276,Mumbai,Bronze,0,0,,R001
C0227,CUS00227,Elite Traders,customer227@gmail.com,9378104524,New York,Bronze,0,0,,R006
C0228,CUS00228,Elite Solutions,customer228@gmail.com,9446889242,Delhi,Bronze,0,0,,R002
C0229,CUS00229,Elite Industries,customer229@gmail.com,9650451792,Hyderabad,Bronze,0,0,,R001
C0230,CUS00230,Smart Solutions,customer230@gmail.com,9871633724,New York,Bronze,0,0,,R006
C0231,CUS00231,Pioneer Solutions,customer231@gmail.com,9494497728,Delhi,Bronze,0,0,,R004
C0232,CUS00232,Elite Retail,customer232@gmail.com,9673031967,Ahmedabad,Bronze,0,0,,R001
C0233,CUS00233,Tech Foods,customer233@gmail.com,9342239265,Berlin,Bronze,0,0,,R002
C0234,CUS00234,Prime Retail,customer234@gmail.com,9708412404,Bangalore,Bronze,0,0,,R001
C0235,CUS00235,NextGen Industries,customer235@gmail.com,9982872525,Mumbai,Bronze,0,0,,R005
C0236,CUS00236,ABC Technologies,customer236@gmail.com,9173838662,Mumbai,Bronze,0,0,,R001
C0237,CUS00237,Pioneer Industries,customer237@gmail.com,9557411764,Mumbai,Bronze,0,0,,R004
C0238,CUS00238,Apex Electronics,customer238@gmail.com,9752887802,Pune,Bronze,0,0,,R003
C0239,CUS00239,Pioneer Industries,customer239@gmail.com,9756064739,Delhi,Bronze,0,0,,R004
C0240,CUS00240,Pioneer Traders,customer240@gmail.com,9174981158,New York,Bronze,0,0,,R008
C0241,CUS00241,Tech Electronics,customer241@gmail.com,9994748134,Delhi,Bronze,0,0,,R006
C0242,CUS00242,Pioneer Systems,customer242@gmail.com,9725431600,Ahmedabad,Bronze,0,0,,R001
C0243,CUS00243,Elite Industries,customer243@gmail.com,9410405132,Delhi,Bronze,0,0,,R005
C0244,CUS00244,Prime Industries,customer244@gmail.com,9117237255,Delhi,Bronze,0,0,,R005
C0245,CUS00245,Elite Technologies,customer245@gmail.com,9365636163,Hyderabad,Bronze,0,0,,R002
C0246,CUS00246,Future Electronics,customer246@gmail.com,9210322929,Chennai,Bronze,0,0,,R003
C0247,CUS00247,Tech Industries,customer247@gmail.com,9118848662,Berlin,Bronze,0,0,,R005
C0248,CUS00248,Smart Retail,customer248@gmail.com,9209208154,Delhi,Bronze,0,0,,R005
C0249,CUS00249,Apex Solutions,customer249@gmail.com,9756389330,Bangalore,Bronze,0,0,,R004
C0250,CUS00250,Pioneer Retail,customer250@gmail.com,9427891918,Hyderabad,Bronze,0,0,,R004
C0251,CUS00251,Elite Technologies,customer251@gmail.com,9958230280,Ahmedabad,Bronze,0,0,,R006
C0252,CUS00252,Blue Electronics,customer252@gmail.com,9460335795,Kolkata,Bronze,0,0,,R008
C0253,CUS00253,Elite Electronics,customer253@gmail.com,9250841483,Dubai,Bronze,0,0,,R004
C0254,CUS00254,Global Solutions,customer254@gmail.com,9879124408,Bangalore,Bronze,0,0,,R002
C0255,CUS00255,Green Systems,customer255@gmail.com,9830854214,Delhi,Bronze,0,0,,R005
C0256,CUS00256,Future Systems,customer256@gmail.com,9588566992,Mumbai,Bronze,0,0,,R007
C0257,CUS00257,Smart Technologies,customer257@gmail.com,9852309961,Mumbai,Bronze,0,0,,R005
C0258,CUS00258,Elite Traders,customer258@gmail.com,9583378859,Berlin,Bronze,0,0,,R007
C0259,CUS00259,Apex Systems,customer259@gmail.com,9704988444,New York,Bronze,0,0,,R003
C0260,CUS00260,Vision Corporation,customer260@gmail.com,9853608426,Chennai,Bronze,0,0,,R001
C0261,CUS00261,United Solutions,customer261@gmail.com,9893546920,Bangalore,Bronze,0,0,,R006
C0262,CUS00262,Elite Electronics,customer262@gmail.com,9974983594,New York,Bronze,0,0,,R002
C0263,CUS00263,Smart Solutions,customer263@gmail.com,9562069080,Bangalore,Bronze,0,0,,R004
C0264,CUS00264,Blue Industries,customer264@gmail.com,9124615149,Chennai,Bronze,0,0,,R006
C0265,CUS00265,Tech Enterprises,customer265@gmail.com,9107746543,Bangalore,Bronze,0,0,,R001
C0266,CUS00266,Prime Electronics,customer266@gmail.com,9483540361,Delhi,Bronze,0,0,,R004
C0267,CUS00267,Vertex Technologies,customer267@gmail.com,9457325413,Hyderabad,Bronze,0,0,,R003
C0268,CUS00268,Elite Foods,customer268@gmail.com,9617918648,Chennai,Bronze,0,0,,R003
C0269,CUS00269,Future Solutions,customer269@gmail.com,9311839480,Pune,Bronze,0,0,,R003
C0270,CUS00270,ABC Foods,customer270@gmail.com,9635423070,Dubai,Bronze,0,0,,R005
C0271,CUS00271,Smart Retail,customer271@gmail.com,9368767753,Berlin,Bronze,0,0,,R006
C0272,CUS00272,ABC Industries,customer272@gmail.com,9862557363,Mumbai,Bronze,0,0,,R002
C0273,CUS00273,Pioneer Industries,customer273@gmail.com,9910493376,Mumbai,Bronze,0,0,,R005
C0274,CUS00274,Blue Foods,customer274@gmail.com,9415708717,Mumbai,Bronze,0,0,,R008
C0275,CUS00275,Pioneer Systems,customer275@gmail.com,9227626312,Hyderabad,Bronze,0,0,,R003
C0276,CUS00276,Future Industries,customer276@gmail.com,9121250510,Dubai,Bronze,0,0,,R006
C0277,CUS00277,Prime Enterprises,customer277@gmail.com,9859691843,Pune,Bronze,0,0,,R005
C0278,CUS00278,NextGen Systems,customer278@gmail.com,9864453238,Kolkata,Bronze,0,0,,R007
C0279,CUS00279,Vision Retail,customer279@gmail.com,9626690770,Dubai,Bronze,0,0,,R005
C0280,CUS00280,Green Solutions,customer280@gmail.com,9857020767,Kolkata,Bronze,0,0,,R006
C0281,CUS00281,NextGen Traders,customer281@gmail.com,9710571920,Chennai,Bronze,0,0,,R001
C0282,CUS00282,Smart Corporation,customer282@gmail.com,9459418120,Kolkata,Bronze,0,0,,R003
C0283,CUS00283,Pioneer Industries,customer283@gmail.com,9858606179,Bangalore,Bronze,0,0,,R007
C0284,CUS00284,Tech Corporation,customer284@gmail.com,9346880720,New York,Bronze,0,0,,R006
C0285,CUS00285,ABC Corporation,customer285@gmail.com,9210108538,Berlin,Bronze,0,0,,R001
C0286,CUS00286,Vertex Traders,customer286@gmail.com,9572759480,Berlin,Bronze,0,0,,R003
C0287,CUS00287,Global Enterprises,customer287@gmail.com,9406178559,Hyderabad,Bronze,0,0,,R003
C0288,CUS00288,Tech Enterprises,customer288@gmail.com,9557339061,Bangalore,Bronze,0,0,,R005
C0289,CUS00289,NextGen Technologies,customer289@gmail.com,9563267135,Mumbai,Bronze,0,0,,R004
C0290,CUS00290,Future Enterprises,customer290@gmail.com,9318995206,Chennai,Bronze,0,0,,R001
C0291,CUS00291,Pioneer Foods,customer291@gmail.com,9612093920,Kolkata,Bronze,0,0,,R003
C0292,CUS00292,United Retail,customer292@gmail.com,9826220397,Ahmedabad,Bronze,0,0,,R007
C0293,CUS00293,United Industries,customer293@gmail.com,9257966549,Berlin,Bronze,0,0,,R002
C0294,CUS00294,United Solutions,customer294@gmail.com,9345588536,Kolkata,Bronze,0,0,,R008
C0295,CUS00295,NextGen Enterprises,customer295@gmail.com,9847942221,Dubai,Bronze,0,0,,R007
C0296,CUS00296,ABC Retail,customer296@gmail.com,9385990196,Delhi,Bronze,0,0,,R007
C0297,CUS00297,Vision Retail,customer297@gmail.com,9796277481,Bangalore,Bronze,0,0,,R005
C0298,CUS00298,Pioneer Electronics,customer298@gmail.com,9280503268,Mumbai,Bronze,0,0,,R001
C0299,CUS00299,Global Industries,customer299@gmail.com,9333287791,Mumbai,Bronze,0,0,,R006
C0300,CUS00300,Tech Solutions,customer300@gmail.com,9846044753,Delhi,Bronze,0,0,,R005
C0301,CUS00301,NextGen Electronics,customer301@gmail.com,9282315862,Berlin,Bronze,0,0,,R007
C0302,CUS00302,Pioneer Foods,customer302@gmail.com,9259548843,Pune,Bronze,0,0,,R006
C0303,CUS00303,Apex Traders,customer303@gmail.com,9875615144,Dubai,Bronze,0,0,,R001
C0304,CUS00304,ABC Systems,customer304@gmail.com,9543889789,Chennai,Bronze,0,0,,R005
C0305,CUS00305,Green Foods,customer305@gmail.com,9760048462,Delhi,Bronze,0,0,,R004
C0306,CUS00306,Vision Retail,customer306@gmail.com,9432010884,Berlin,Bronze,0,0,,R002
C0307,CUS00307,Smart Retail,customer307@gmail.com,9369256361,Pune,Bronze,0,0,,R001
C0308,CUS00308,NextGen Electronics,customer308@gmail.com,9295182375,New York,Bronze,0,0,,R003
C0309,CUS00309,Future Retail,customer309@gmail.com,9809265078,Berlin,Bronze,0,0,,R005
C0310,CUS00310,Future Foods,customer310@gmail.com,9427789054,Ahmedabad,Bronze,0,0,,R005
C0311,CUS00311,Vision Traders,customer311@gmail.com,9437478255,Berlin,Bronze,0,0,,R007
C0312,CUS00312,Vertex Systems,customer312@gmail.com,9210046645,Berlin,Bronze,0,0,,R007
C0313,CUS00313,Elite Industries,customer313@gmail.com,9644511166,Delhi,Bronze,0,0,,R002
C0314,CUS00314,ABC Industries,customer314@gmail.com,9499885292,Mumbai,Bronze,0,0,,R003
C0315,CUS00315,Green Systems,customer315@gmail.com,9178552324,Hyderabad,Bronze,0,0,,R006
C0316,CUS00316,Green Systems,customer316@gmail.com,9696957542,Berlin,Bronze,0,0,,R008
C0317,CUS00317,Pioneer Electronics,customer317@gmail.com,9645826911,Pune,Bronze,0,0,,R004
C0318,CUS00318,Prime Electronics,customer318@gmail.com,9474328893,Berlin,Bronze,0,0,,R005
C0319,CUS00319,Vertex Enterprises,customer319@gmail.com,9941551505,Mumbai,Bronze,0,0,,R003
C0320,CUS00320,Pioneer Foods,customer320@gmail.com,9664392698,Berlin,Bronze,0,0,,R004
C0321,CUS00321,Prime Systems,customer321@gmail.com,9971583621,Hyderabad,Bronze,0,0,,R007
C0322,CUS00322,Apex Technologies,customer322@gmail.com,9777397000,Bangalore,Bronze,0,0,,R003
C0323,CUS00323,Pioneer Enterprises,customer323@gmail.com,9665673672,Bangalore,Bronze,0,0,,R004
C0324,CUS00324,Prime Solutions,customer324@gmail.com,9822328456,Berlin,Bronze,0,0,,R001
C0325,CUS00325,Apex Traders,customer325@gmail.com,9470578590,Ahmedabad,Bronze,0,0,,R001
C0326,CUS00326,Apex Traders,customer326@gmail.com,9245020570,Delhi,Bronze,0,0,,R007
C0327,CUS00327,Smart Solutions,customer327@gmail.com,9867020737,Pune,Bronze,0,0,,R002
C0328,CUS00328,Apex Systems,customer328@gmail.com,9454839105,Delhi,Bronze,0,0,,R001
C0329,CUS00329,Global Enterprises,customer329@gmail.com,9464028237,Kolkata,Bronze,0,0,,R008
C0330,CUS00330,Vision Systems,customer330@gmail.com,9447840514,Ahmedabad,Bronze,0,0,,R003
C0331,CUS00331,Vision Corporation,customer331@gmail.com,9771630187,Ahmedabad,Bronze,0,0,,R001
C0332,CUS00332,NextGen Systems,customer332@gmail.com,9606265000,Hyderabad,Bronze,0,0,,R003
C0333,CUS00333,NextGen Technologies,customer333@gmail.com,9104220720,Berlin,Bronze,0,0,,R002
C0334,CUS00334,Future Electronics,customer334@gmail.com,9101326263,Chennai,Bronze,0,0,,R007
C0335,CUS00335,Future Retail,customer335@gmail.com,9985723152,Mumbai,Bronze,0,0,,R008
C0336,CUS00336,Smart Enterprises,customer336@gmail.com,9252246148,Delhi,Bronze,0,0,,R005
C0337,CUS00337,Smart Systems,customer337@gmail.com,9923316839,Dubai,Bronze,0,0,,R005
C0338,CUS00338,Elite Enterprises,customer338@gmail.com,9826368313,Hyderabad,Bronze,0,0,,R006
C0339,CUS00339,Elite Technologies,customer339@gmail.com,9357918004,Pune,Bronze,0,0,,R007
C0340,CUS00340,Vision Systems,customer340@gmail.com,9354009385,Bangalore,Bronze,0,0,,R004
C0341,CUS00341,Prime Traders,customer341@gmail.com,9963932473,Berlin,Bronze,0,0,,R004
C0342,CUS00342,Tech Traders,customer342@gmail.com,9403047895,Hyderabad,Bronze,0,0,,R003
C0343,CUS00343,Prime Electronics,customer343@gmail.com,9223775095,Chennai,Bronze,0,0,,R007
C0344,CUS00344,Future Technologies,customer344@gmail.com,9788779261,Hyderabad,Bronze,0,0,,R007
C0345,CUS00345,NextGen Foods,customer345@gmail.com,9123727875,Bangalore,Bronze,0,0,,R007
C0346,CUS00346,Smart Retail,customer346@gmail.com,9354812262,Kolkata,Bronze,0,0,,R006
C0347,CUS00347,Future Systems,customer347@gmail.com,9342336986,Bangalore,Bronze,0,0,,R001
C0348,CUS00348,Tech Retail,customer348@gmail.com,9848059332,Bangalore,Bronze,0,0,,R005
C0349,CUS00349,Vision Enterprises,customer349@gmail.com,9124926431,Delhi,Bronze,0,0,,R004
C0350,CUS00350,Apex Corporation,customer350@gmail.com,9137783926,Berlin,Bronze,0,0,,R001
C0351,CUS00351,ABC Industries,customer351@gmail.com,9366045445,Pune,Bronze,0,0,,R004
C0352,CUS00352,Pioneer Enterprises,customer352@gmail.com,9127852054,Hyderabad,Bronze,0,0,,R008
C0353,CUS00353,Tech Retail,customer353@gmail.com,9671305472,Hyderabad,Bronze,0,0,,R003
C0354,CUS00354,Apex Electronics,customer354@gmail.com,9118236423,Hyderabad,Bronze,0,0,,R007
C0355,CUS00355,Tech Industries,customer355@gmail.com,9347600660,Berlin,Bronze,0,0,,R007
C0356,CUS00356,Green Solutions,customer356@gmail.com,9998598615,Pune,Bronze,0,0,,R003
C0357,CUS00357,Prime Systems,customer357@gmail.com,9454131778,Kolkata,Bronze,0,0,,R005
C0358,CUS00358,Tech Retail,customer358@gmail.com,9722339893,Delhi,Bronze,0,0,,R007
C0359,CUS00359,ABC Industries,customer359@gmail.com,9650522604,Bangalore,Bronze,0,0,,R002
C0360,CUS00360,Vision Industries,customer360@gmail.com,9662660250,Hyderabad,Bronze,0,0,,R001
C0361,CUS00361,Vertex Solutions,customer361@gmail.com,9928820503,Hyderabad,Bronze,0,0,,R008
C0362,CUS00362,NextGen Electronics,customer362@gmail.com,9560967113,Bangalore,Bronze,0,0,,R003
C0363,CUS00363,Future Retail,customer363@gmail.com,9946296197,Bangalore,Bronze,0,0,,R006
C0364,CUS00364,Green Retail,customer364@gmail.com,9208718116,Pune,Bronze,0,0,,R007
C0365,CUS00365,Global Traders,customer365@gmail.com,9571576956,Bangalore,Bronze,0,0,,R003
C0366,CUS00366,Elite Corporation,customer366@gmail.com,9712165670,Delhi,Bronze,0,0,,R004
C0367,CUS00367,Apex Technologies,customer367@gmail.com,9562078067,Kolkata,Bronze,0,0,,R007
C0368,CUS00368,Smart Electronics,customer368@gmail.com,9637548999,Pune,Bronze,0,0,,R007
C0369,CUS00369,Blue Systems,customer369@gmail.com,9446977132,Kolkata,Bronze,0,0,,R006
C0370,CUS00370,Vision Enterprises,customer370@gmail.com,9205383775,Hyderabad,Bronze,0,0,,R008
C0371,CUS00371,NextGen Industries,customer371@gmail.com,9609620244,Pune,Bronze,0,0,,R008
C0372,CUS00372,Apex Systems,customer372@gmail.com,9686850386,Chennai,Bronze,0,0,,R007
C0373,CUS00373,Future Foods,customer373@gmail.com,9553312408,Pune,Bronze,0,0,,R001
C0374,CUS00374,Vertex Corporation,customer374@gmail.com,9919614016,Pune,Bronze,0,0,,R007
C0375,CUS00375,Vertex Corporation,customer375@gmail.com,9514005568,Chennai,Bronze,0,0,,R005
C0376,CUS00376,Elite Foods,customer376@gmail.com,9953235914,Delhi,Bronze,0,0,,R005
C0377,CUS00377,United Electronics,customer377@gmail.com,9506927740,Hyderabad,Bronze,0,0,,R001
C0378,CUS00378,Elite Corporation,customer378@gmail.com,9174741866,Hyderabad,Bronze,0,0,,R006
C0379,CUS00379,Blue Traders,customer379@gmail.com,9970391088,Dubai,Bronze,0,0,,R007
C0380,CUS00380,Blue Retail,customer380@gmail.com,9680475701,New York,Bronze,0,0,,R008
C0381,CUS00381,Blue Solutions,customer381@gmail.com,9567284488,Pune,Bronze,0,0,,R008
C0382,CUS00382,Future Retail,customer382@gmail.com,9454733964,Berlin,Bronze,0,0,,R005
C0383,CUS00383,Elite Enterprises,customer383@gmail.com,9469326043,Ahmedabad,Bronze,0,0,,R008
C0384,CUS00384,Apex Systems,customer384@gmail.com,9786551988,Ahmedabad,Bronze,0,0,,R002
C0385,CUS00385,United Corporation,customer385@gmail.com,9255377197,Ahmedabad,Bronze,0,0,,R008
C0386,CUS00386,Green Foods,customer386@gmail.com,9457706089,Ahmedabad,Bronze,0,0,,R006
C0387,CUS00387,NextGen Industries,customer387@gmail.com,9579836336,Dubai,Bronze,0,0,,R005
C0388,CUS00388,Global Electronics,customer388@gmail.com,9813502992,Dubai,Bronze,0,0,,R005
C0389,CUS00389,ABC Foods,customer389@gmail.com,9930539817,Ahmedabad,Bronze,0,0,,R004
C0390,CUS00390,Pioneer Technologies,customer390@gmail.com,9489655334,Kolkata,Bronze,0,0,,R001
C0391,CUS00391,Smart Technologies,customer391@gmail.com,9966789800,Mumbai,Bronze,0,0,,R003
C0392,CUS00392,ABC Corporation,customer392@gmail.com,9429452887,Delhi,Bronze,0,0,,R004
C0393,CUS00393,Pioneer Systems,customer393@gmail.com,9736111915,Hyderabad,Bronze,0,0,,R004
C0394,CUS00394,Future Retail,customer394@gmail.com,9113786815,Ahmedabad,Bronze,0,0,,R007
C0395,CUS00395,Green Corporation,customer395@gmail.com,9296305907,New York,Bronze,0,0,,R004
C0396,CUS00396,Vertex Corporation,customer396@gmail.com,9421265649,Bangalore,Bronze,0,0,,R006
C0397,CUS00397,Smart Enterprises,customer397@gmail.com,9679058079,New York,Bronze,0,0,,R002
C0398,CUS00398,Future Retail,customer398@gmail.com,9361805768,Kolkata,Bronze,0,0,,R004
C0399,CUS00399,Smart Solutions,customer399@gmail.com,9171547819,Chennai,Bronze,0,0,,R004
C0400,CUS00400,Vision Systems,customer400@gmail.com,9435173764,Kolkata,Bronze,0,0,,R002
C0401,CUS00401,ABC Corporation,customer401@gmail.com,9725099008,Pune,Bronze,0,0,,R007
C0402,CUS00402,Vertex Electronics,customer402@gmail.com,9926261087,Chennai,Bronze,0,0,,R001
C0403,CUS00403,Vision Enterprises,customer403@gmail.com,9223022417,Berlin,Bronze,0,0,,R008
C0404,CUS00404,Prime Traders,customer404@gmail.com,9439048183,Ahmedabad,Bronze,0,0,,R007
C0405,CUS00405,Smart Enterprises,customer405@gmail.com,9789310375,Dubai,Bronze,0,0,,R002
C0406,CUS00406,Elite Technologies,customer406@gmail.com,9215447321,Pune,Bronze,0,0,,R003
C0407,CUS00407,Future Electronics,customer407@gmail.com,9661139746,Bangalore,Bronze,0,0,,R002
C0408,CUS00408,Vertex Solutions,customer408@gmail.com,9420406883,Pune,Bronze,0,0,,R003
C0409,CUS00409,Apex Retail,customer409@gmail.com,9236381214,Mumbai,Bronze,0,0,,R004
C0410,CUS00410,Green Corporation,customer410@gmail.com,9858060697,Berlin,Bronze,0,0,,R007
C0411,CUS00411,Tech Systems,customer411@gmail.com,9611494477,Pune,Bronze,0,0,,R008
C0412,CUS00412,Prime Retail,customer412@gmail.com,9412716213,Chennai,Bronze,0,0,,R003
C0413,CUS00413,Elite Solutions,customer413@gmail.com,9171127049,New York,Bronze,0,0,,R007
C0414,CUS00414,Vision Solutions,customer414@gmail.com,9391831488,Bangalore,Bronze,0,0,,R006
C0415,CUS00415,Global Enterprises,customer415@gmail.com,9972352261,Dubai,Bronze,0,0,,R003
C0416,CUS00416,ABC Solutions,customer416@gmail.com,9895101974,Dubai,Bronze,0,0,,R006
C0417,CUS00417,Green Traders,customer417@gmail.com,9776498842,Pune,Bronze,0,0,,R004
C0418,CUS00418,Elite Electronics,customer418@gmail.com,9245658626,New York,Bronze,0,0,,R001
C0419,CUS00419,Vertex Solutions,customer419@gmail.com,9826366735,Bangalore,Bronze,0,0,,R003
C0420,CUS00420,Green Traders,customer420@gmail.com,9785347942,Berlin,Bronze,0,0,,R008
C0421,CUS00421,Vision Technologies,customer421@gmail.com,9850058591,Dubai,Bronze,0,0,,R007
C0422,CUS00422,Elite Systems,customer422@gmail.com,9501999645,Bangalore,Bronze,0,0,,R002
C0423,CUS00423,Tech Solutions,customer423@gmail.com,9453221202,New York,Bronze,0,0,,R006
C0424,CUS00424,Prime Industries,customer424@gmail.com,9796226102,New York,Bronze,0,0,,R006
C0425,CUS00425,Vertex Solutions,customer425@gmail.com,9111447583,Berlin,Bronze,0,0,,R008
C0426,CUS00426,Elite Enterprises,customer426@gmail.com,9517014359,Kolkata,Bronze,0,0,,R003
C0427,CUS00427,United Technologies,customer427@gmail.com,9186565223,Delhi,Bronze,0,0,,R001
C0428,CUS00428,NextGen Industries,customer428@gmail.com,9667112415,Chennai,Bronze,0,0,,R001
C0429,CUS00429,Blue Enterprises,customer429@gmail.com,9491992193,Delhi,Bronze,0,0,,R002
C0430,CUS00430,United Technologies,customer430@gmail.com,9654696818,Ahmedabad,Bronze,0,0,,R002
C0431,CUS00431,Smart Electronics,customer431@gmail.com,9162933062,Kolkata,Bronze,0,0,,R001
C0432,CUS00432,Prime Retail,customer432@gmail.com,9717762443,Berlin,Bronze,0,0,,R001
C0433,CUS00433,Prime Retail,customer433@gmail.com,9456500051,Berlin,Bronze,0,0,,R008
C0434,CUS00434,United Electronics,customer434@gmail.com,9255051824,Kolkata,Bronze,0,0,,R004
C0435,CUS00435,Global Enterprises,customer435@gmail.com,9930197014,Mumbai,Bronze,0,0,,R007
C0436,CUS00436,Pioneer Retail,customer436@gmail.com,9349085228,Dubai,Bronze,0,0,,R001
C0437,CUS00437,Elite Foods,customer437@gmail.com,9780832800,Kolkata,Bronze,0,0,,R007
C0438,CUS00438,Future Traders,customer438@gmail.com,9798879171,Dubai,Bronze,0,0,,R001
C0439,CUS00439,United Systems,customer439@gmail.com,9469027582,Berlin,Bronze,0,0,,R008
C0440,CUS00440,Vertex Industries,customer440@gmail.com,9127736123,Hyderabad,Bronze,0,0,,R004
C0441,CUS00441,Future Corporation,customer441@gmail.com,9928145549,Kolkata,Bronze,0,0,,R005
C0442,CUS00442,NextGen Enterprises,customer442@gmail.com,9391351886,Ahmedabad,Bronze,0,0,,R005
C0443,CUS00443,Blue Foods,customer443@gmail.com,9558754462,Ahmedabad,Bronze,0,0,,R006
C0444,CUS00444,Blue Systems,customer444@gmail.com,9570657417,Mumbai,Bronze,0,0,,R007
C0445,CUS00445,Global Solutions,customer445@gmail.com,9885691294,Chennai,Bronze,0,0,,R001
C0446,CUS00446,Pioneer Retail,customer446@gmail.com,9749532205,Hyderabad,Bronze,0,0,,R003
C0447,CUS00447,United Electronics,customer447@gmail.com,9805565235,Berlin,Bronze,0,0,,R006
C0448,CUS00448,ABC Foods,customer448@gmail.com,9641613809,Berlin,Bronze,0,0,,R007
C0449,CUS00449,Prime Traders,customer449@gmail.com,9463749878,Chennai,Bronze,0,0,,R005
C0450,CUS00450,Vertex Electronics,customer450@gmail.com,9255744862,New York,Bronze,0,0,,R005
C0451,CUS00451,Apex Retail,customer451@gmail.com,9449538640,Kolkata,Bronze,0,0,,R006
C0452,CUS00452,Vertex Industries,customer452@gmail.com,9925609299,Pune,Bronze,0,0,,R008
C0453,CUS00453,United Systems,customer453@gmail.com,9195564536,Bangalore,Bronze,0,0,,R002
C0454,CUS00454,Smart Retail,customer454@gmail.com,9914346124,Hyderabad,Bronze,0,0,,R008
C0455,CUS00455,Elite Systems,customer455@gmail.com,9145160091,Chennai,Bronze,0,0,,R008
C0456,CUS00456,ABC Foods,customer456@gmail.com,9620318894,Ahmedabad,Bronze,0,0,,R006
C0457,CUS00457,Apex Retail,customer457@gmail.com,9224342066,Dubai,Bronze,0,0,,R008
C0458,CUS00458,Pioneer Retail,customer458@gmail.com,9291362681,Berlin,Bronze,0,0,,R005
C0459,CUS00459,ABC Technologies,customer459@gmail.com,9651460436,Bangalore,Bronze,0,0,,R004
C0460,CUS00460,Elite Systems,customer460@gmail.com,9849260985,Kolkata,Bronze,0,0,,R007
C0461,CUS00461,Tech Traders,customer461@gmail.com,9565303488,Pune,Bronze,0,0,,R007
C0462,CUS00462,Tech Systems,customer462@gmail.com,9122070560,Delhi,Bronze,0,0,,R007
C0463,CUS00463,United Solutions,customer463@gmail.com,9725540749,Berlin,Bronze,0,0,,R001
C0464,CUS00464,Vertex Systems,customer464@gmail.com,9109868410,Kolkata,Bronze,0,0,,R007
C0465,CUS00465,ABC Retail,customer465@gmail.com,9265926117,Kolkata,Bronze,0,0,,R002
C0466,CUS00466,Vertex Corporation,customer466@gmail.com,9975470358,Bangalore,Bronze,0,0,,R008
C0467,CUS00467,Blue Enterprises,customer467@gmail.com,9317203376,Dubai,Bronze,0,0,,R006
C0468,CUS00468,Tech Foods,customer468@gmail.com,9725655880,Dubai,Bronze,0,0,,R001
C0469,CUS00469,NextGen Corporation,customer469@gmail.com,9214355258,Pune,Bronze,0,0,,R001
C0470,CUS00470,NextGen Electronics,customer470@gmail.com,9308725262,Pune,Bronze,0,0,,R007
C0471,CUS00471,Elite Technologies,customer471@gmail.com,9761579272,Bangalore,Bronze,0,0,,R003
C0472,CUS00472,Future Retail,customer472@gmail.com,9708612335,Bangalore,Bronze,0,0,,R006
C0473,CUS00473,ABC Industries,customer473@gmail.com,9725887469,Chennai,Bronze,0,0,,R007
C0474,CUS00474,Smart Enterprises,customer474@gmail.com,9639893114,New York,Bronze,0,0,,R008
C0475,CUS00475,Vertex Enterprises,customer475@gmail.com,9999116235,New York,Bronze,0,0,,R006
C0476,CUS00476,Prime Traders,customer476@gmail.com,9662989224,Pune,Bronze,0,0,,R002
C0477,CUS00477,Vision Retail,customer477@gmail.com,9434939027,Kolkata,Bronze,0,0,,R007
C0478,CUS00478,Vision Electronics,customer478@gmail.com,9292683973,Delhi,Bronze,0,0,,R004
C0479,CUS00479,Smart Traders,customer479@gmail.com,9877070371,Ahmedabad,Bronze,0,0,,R006
C0480,CUS00480,Green Industries,customer480@gmail.com,9981544437,Pune,Bronze,0,0,,R007
C0481,CUS00481,Pioneer Foods,customer481@gmail.com,9645496196,Bangalore,Bronze,0,0,,R005
C0482,CUS00482,ABC Foods,customer482@gmail.com,9137104563,Berlin,Bronze,0,0,,R004
C0483,CUS00483,Elite Corporation,customer483@gmail.com,9771237400,Mumbai,Bronze,0,0,,R005
C0484,CUS00484,Apex Enterprises,customer484@gmail.com,9354814374,New York,Bronze,0,0,,R006
C0485,CUS00485,Pioneer Foods,customer485@gmail.com,9375247135,Delhi,Bronze,0,0,,R002
C0486,CUS00486,Apex Enterprises,customer486@gmail.com,9670727615,Kolkata,Bronze,0,0,,R007
C0487,CUS00487,Vision Solutions,customer487@gmail.com,9590133587,Pune,Bronze,0,0,,R002
C0488,CUS00488,ABC Systems,customer488@gmail.com,9100015194,New York,Bronze,0,0,,R003
C0489,CUS00489,Elite Traders,customer489@gmail.com,9183877831,New York,Bronze,0,0,,R008
C0490,CUS00490,ABC Electronics,customer490@gmail.com,9739954428,Chennai,Bronze,0,0,,R003
C0491,CUS00491,ABC Systems,customer491@gmail.com,9363403460,Bangalore,Bronze,0,0,,R004
C0492,CUS00492,Green Corporation,customer492@gmail.com,9258632034,Ahmedabad,Bronze,0,0,,R002
C0493,CUS00493,Smart Electronics,customer493@gmail.com,9562548110,Pune,Bronze,0,0,,R002
C0494,CUS00494,United Enterprises,customer494@gmail.com,9711239265,Berlin,Bronze,0,0,,R006
C0495,CUS00495,Vertex Technologies,customer495@gmail.com,9837044662,Ahmedabad,Bronze,0,0,,R003
C0496,CUS00496,United Systems,customer496@gmail.com,9944815141,Hyderabad,Bronze,0,0,,R002
C0497,CUS00497,ABC Solutions,customer497@gmail.com,9815188086,New York,Bronze,0,0,,R002
C0498,CUS00498,Green Industries,customer498@gmail.com,9782805749,Ahmedabad,Bronze,0,0,,R006
C0499,CUS00499,Smart Enterprises,customer499@gmail.com,9333906307,Delhi,Bronze,0,0,,R007
C0500,CUS00500,Tech Electronics,customer500@gmail.com,9275974698,Pune,Bronze,0,0,,R006